<?xml version="1.0" encoding="UTF-8"?><rss version="2.0"
	xmlns:content="http://purl.org/rss/1.0/modules/content/"
	xmlns:wfw="http://wellformedweb.org/CommentAPI/"
	xmlns:dc="http://purl.org/dc/elements/1.1/"
	xmlns:atom="http://www.w3.org/2005/Atom"
	xmlns:sy="http://purl.org/rss/1.0/modules/syndication/"
	xmlns:slash="http://purl.org/rss/1.0/modules/slash/"
	>

<channel>
	<title>pantaloni &#8211; woocommerce3</title>
	<atom:link href="http://localhost/woocommerce3/tag-prodotto/pantaloni/feed/?simply_static_page=446" rel="self" type="application/rss+xml" />
	<link></link>
	<description></description>
	<lastBuildDate>Wed, 22 Mar 2023 16:24:37 +0000</lastBuildDate>
	<language>it-IT</language>
	<sy:updatePeriod>
	hourly	</sy:updatePeriod>
	<sy:updateFrequency>
	1	</sy:updateFrequency>
	<generator>https://wordpress.org/?v=6.1.1</generator>
	<item>
		<title>ASOS DESIGN &#8211; Pantaloni parachute oversize a palloncino neri</title>
		<link>/prodotto/hoodie-with-logo-2/</link>
					<comments>/prodotto/hoodie-with-logo-2/#respond</comments>
		
		<dc:creator><![CDATA[samuele]]></dc:creator>
		<pubDate>Wed, 22 Mar 2023 16:21:54 +0000</pubDate>
				<guid isPermaLink="false">/prodotto/hoodie-with-logo-2/</guid>

					<description><![CDATA[Pantaloni Cargo neri]]></description>
										<content:encoded><![CDATA[<ul>
<li>Dai una rinfrescata al tuo stile</li>
<li>Vita regular</li>
<li>Regolabile in vita</li>
<li>Tasche laterali</li>
<li>Vestibilità oversize</li>
</ul>
<p class="Jk9Oz">Codice prodotto: 125750654</p>
<p>Hoodie in sweatshirt fabric made from a cotton blend.</p>
]]></content:encoded>
					
					<wfw:commentRss>/prodotto/hoodie-with-logo-2/feed/</wfw:commentRss>
			<slash:comments>0</slash:comments>
		
		
			</item>
	</channel>
</rss>
