<?xml version="1.0" encoding="UTF-8"?><rss version="2.0"
	xmlns:content="http://purl.org/rss/1.0/modules/content/"
	xmlns:wfw="http://wellformedweb.org/CommentAPI/"
	xmlns:dc="http://purl.org/dc/elements/1.1/"
	xmlns:atom="http://www.w3.org/2005/Atom"
	xmlns:sy="http://purl.org/rss/1.0/modules/syndication/"
	xmlns:slash="http://purl.org/rss/1.0/modules/slash/"
	>

<channel>
	<title>giacche &#8211; woocommerce3</title>
	<atom:link href="http://localhost/woocommerce3/categoria-prodotto/giacche/feed/?simply_static_page=427" rel="self" type="application/rss+xml" />
	<link></link>
	<description></description>
	<lastBuildDate>Wed, 22 Mar 2023 16:26:46 +0000</lastBuildDate>
	<language>it-IT</language>
	<sy:updatePeriod>
	hourly	</sy:updatePeriod>
	<sy:updateFrequency>
	1	</sy:updateFrequency>
	<generator>https://wordpress.org/?v=6.1.1</generator>
	<item>
		<title>ASOS DESIGN &#8211; Giacca bomber oversize effetto lana stile college rossa</title>
		<link>/prodotto/asos-design-giacca-bomber-oversize-effetto-lana-stile-college-rossa/</link>
					<comments>/prodotto/asos-design-giacca-bomber-oversize-effetto-lana-stile-college-rossa/#respond</comments>
		
		<dc:creator><![CDATA[samuele]]></dc:creator>
		<pubDate>Wed, 22 Mar 2023 16:26:46 +0000</pubDate>
				<guid isPermaLink="false">/?post_type=product#038;p=43</guid>

					<description><![CDATA[Giacca Vintage]]></description>
										<content:encoded><![CDATA[<ul>
<li>Aggiornamento giacca: fatto</li>
<li>Colletto ampio</li>
<li>Chiusura con bottoni a pressione</li>
<li>Dettagli con logo</li>
<li>Scritte laterali</li>
<li>Vestibilità oversize</li>
</ul>
<p class="Jk9Oz">Codice prodotto: 126893573</p>
]]></content:encoded>
					
					<wfw:commentRss>/prodotto/asos-design-giacca-bomber-oversize-effetto-lana-stile-college-rossa/feed/</wfw:commentRss>
			<slash:comments>0</slash:comments>
		
		
			</item>
	</channel>
</rss>
